{"1":true,"kampfmesser":"g_km","pugio":"g_g","tiger":"g_g","kabar":"g_kabar","catch":"g_body","fear":"g_vial","meter":"g_meter","selfie":"g_selfie","ballistic":"g_blade","cqc":"g_kunai","nin":"g_nin","clean":"g_handle","ostry":"g_moonblade","wing":"g_lock_lp","hammer":"g_hammer","spoon_gold":"g_spoon","morning":"g_morning","dingdong":"g_dingdong","oxide":"g_oxide","machete":"g_machete","gerber":"g_dmf","boxcutter":"g_boxcutter","baseballbat":"g_bat","tenderizer":"g_tenderizer","happy":"g_part_2","cs":"g_g","detector":"g_detect","sandsteel":"g_blade","zeus":"g_g","grip":"g_grip_left","push":"g_push_left","sap":"g_g","road":"g_chain_h","cleaver":"g_cleaver","taser":"g_wpn_fps_mel_taser","brick":"g_dynatac","aziz":"g_il_plane","alien_maul":"g_light","scoutknife":"g_knife","cutters":"g_cutters","switchblade":"g_wpn_fps_switchblade","x46":"g_g","great":"g_great","tomahawk":"g_g","toothbrush":"g_toothbrush","rambo":"g_rambo","boxing_gloves":"g_glove_2","whiskey":"g_sticker","oldbaton":"g_g","bayonet":"g_g","twins":"g_sai","shovel":"g_g","brass_knuckles":"g_brass","swagger":"g_g","spatula":"g_spatula","iceaxe":"g_axe","kabartanto":"g_kabar","micstand":"g_g","bullseye":"g_g","microphone":"g_mic","mining_pick":"g_g","meat_cleaver":"g_cleaver","pitchfork":"g_g","gator":"g_gator","stick":"g_g","fork":"g_fork","briefcase":"g_briefcase","chef":"g_lp","shock":"g_g","fairbair":"g_g","freedom":"g_freedom","baton":"g_g","bowie":"g_g","branding_iron":"g_g","sword":"g_pencil","hauteur":"g_blade","shillelagh":"g_shillelagh","barbedwire":"g_bat","slot_lever":"g_wpn_fps_mel_slot_lever","hockey":"g_fps","beardy":"g_beardy","buck":"g_buck","model24":"g_g","fireaxe":"g_axe","spoon":"g_spoon","moneybundle":"g_money","poker":"g_poker_fps","chac":"g_g","becker":"g_g","shawn":"g_shawn_fps","croupier_rake":"g_wpn_fps_mel_croupier_rake","agave":"g_agave","scalper":"g_g"}